{
	"Name": "SC-Group Racing Bessie R Mk.X",
	"Author": "Camshaft Software LTD",
	"Type": "Automation",
	"ExporterVersion": 201224,
	"AutomationVersion": 2101090048,
	"Weight":1210,
	"Power":310,
	"Torque":412,
	"Years":{"min":2006, "max" : 2006},
	"Drivetrain":"RWD",
	"Transmission": "Automatic",
	"Propulsion":"ICE",
	"Fuel Type":"Gasoline",
	"default_color": "Default",
	"colors": {
		"Default": "1.000000 0.800000 0.000000 1.400000",
		"Black": "0.010000 0.010000 0.010000 1.400000",
		"White": "1.000000 1.000000 1.000000 1.400000",
		"Red": "0.700000 0.100000 0.100000 1.400000",
		"Blue": "0.100000 0.200000 0.400000 1.400000",
	}
}