{
	"Name": "Norman Bessie 30 R Mk.II",
	"Author": "Camshaft Software LTD",
	"Type": "Automation",
	"ExporterVersion": 201224,
	"AutomationVersion": 2012240000,
	"Weight":1132,
	"Power":226,
	"Torque":312,
	"Years":{"min":2006, "max" : 2006},
	"Drivetrain":"RWD",
	"Transmission": "Automatic",
	"Propulsion":"ICE",
	"Fuel Type":"Gasoline",
	"default_color": "Default",
	"colors": {
		"Default": "0.627451 0.000000 0.000000 1.400000",
		"Black": "0.010000 0.010000 0.010000 1.400000",
		"White": "1.000000 1.000000 1.000000 1.400000",
		"Red": "0.700000 0.100000 0.100000 1.400000",
		"Blue": "0.100000 0.200000 0.400000 1.400000",
	}
}